{"cameraMode":{"drawMode":0,"name":"Shaded","section":"Shading Mode"},"sceneLighting":false,"audioPlay":false,"sceneViewState":{"showFog":true,"showMaterialUpdate":false,"showSkybox":true,"showFlares":true,"showImageEffects":true,"showParticleSystems":true},"in2DMode":false,"pivot":{"x":0.20100021362304688,"y":1.7589998245239258,"z":-3.634000062942505},"rotation":{"x":-0.1823802888393402,"y":-0.015293425880372525,"z":0.0028430987149477007,"w":-0.9831050038337708},"size":0.39568760991096499,"orthographic":false}