{"cameraMode":{"drawMode":0,"name":"Shaded","section":"Shading Mode"},"sceneLighting":false,"audioPlay":false,"sceneViewState":{"showFog":true,"showMaterialUpdate":false,"showSkybox":true,"showFlares":true,"showImageEffects":true,"showParticleSystems":true},"in2DMode":false,"pivot":{"x":-20.454845428466798,"y":2.0957837104797365,"z":2.2298409938812258},"rotation":{"x":0.0029055376071482898,"y":-0.9945433735847473,"z":0.02877235598862171,"w":0.10023576766252518},"size":0.41516515612602236,"orthographic":false}