{"cameraMode":{"drawMode":0,"name":"Shaded","section":"Shading Mode"},"sceneLighting":false,"audioPlay":false,"sceneViewState":{"showFog":true,"showMaterialUpdate":false,"showSkybox":true,"showFlares":true,"showImageEffects":true,"showParticleSystems":true},"in2DMode":false,"pivot":{"x":-20.650100708007814,"y":2.187969446182251,"z":2.3328161239624025},"rotation":{"x":-0.16825196146965028,"y":0.22229689359664918,"z":0.03897211328148842,"w":0.9595606327056885},"size":0.39568862318992617,"orthographic":false}