{"cameraMode":{"drawMode":0,"name":"Shaded","section":"Shading Mode"},"sceneLighting":false,"audioPlay":false,"sceneViewState":{"showFog":true,"showMaterialUpdate":false,"showSkybox":true,"showFlares":true,"showImageEffects":true,"showParticleSystems":true},"in2DMode":false,"pivot":{"x":-20.453947067260743,"y":2.108835220336914,"z":2.236772298812866},"rotation":{"x":0.00939340889453888,"y":-0.07377740740776062,"z":0.0006900881417095661,"w":0.9972302913665772},"size":0.5854090452194214,"orthographic":false}