{"cameraMode":{"drawMode":0,"name":"Shaded","section":"Shading Mode"},"sceneLighting":true,"audioPlay":false,"sceneViewState":{"showFog":true,"showMaterialUpdate":false,"showSkybox":true,"showFlares":true,"showImageEffects":true,"showParticleSystems":true},"in2DMode":false,"pivot":{"x":-47.514984130859378,"y":-2.7067227363586427,"z":44.818634033203128},"rotation":{"x":-0.05920280143618584,"y":0.28493091464042666,"z":-0.017635144293308259,"w":-0.9565555453300476},"size":47.02392578125,"orthographic":false}