{"cameraMode":{"drawMode":0,"name":"Shaded","section":"Shading Mode"},"sceneLighting":false,"audioPlay":false,"sceneViewState":{"showFog":true,"showMaterialUpdate":false,"showSkybox":true,"showFlares":true,"showImageEffects":true,"showParticleSystems":true},"in2DMode":false,"pivot":{"x":-20.458999633789064,"y":2.1007676124572756,"z":2.2159998416900636},"rotation":{"x":-0.1823802888393402,"y":-0.015293425880372525,"z":0.0028430987149477007,"w":-0.9831050038337708},"size":0.39568862318992617,"orthographic":false}