{"cameraMode":{"drawMode":0,"name":"Shaded","section":"Shading Mode"},"sceneLighting":true,"audioPlay":false,"sceneViewState":{"showFog":true,"showMaterialUpdate":false,"showSkybox":true,"showFlares":true,"showImageEffects":true,"showParticleSystems":true},"in2DMode":false,"pivot":{"x":-59.029781341552737,"y":-9.400575637817383,"z":101.78545379638672},"rotation":{"x":0.0721752941608429,"y":-0.08041242510080338,"z":0.0058331419713795189,"w":0.9941280484199524},"size":107.53901672363281,"orthographic":false}