{"cameraMode":{"drawMode":0,"name":"Shaded","section":"Shading Mode"},"sceneLighting":false,"audioPlay":false,"sceneViewState":{"showFog":true,"showMaterialUpdate":false,"showSkybox":true,"showFlares":true,"showImageEffects":true,"showParticleSystems":true},"in2DMode":false,"pivot":{"x":18.000011444091798,"y":1.0815327167510987,"z":0.09004834294319153},"rotation":{"x":-0.33391544222831728,"y":0.047808900475502017,"z":-0.016956476494669915,"w":-0.9412370920181274},"size":5.340153217315674,"orthographic":false}