{"cameraMode":{"drawMode":0,"name":"Shaded","section":"Shading Mode"},"sceneLighting":false,"audioPlay":false,"sceneViewState":{"showFog":true,"showMaterialUpdate":false,"showSkybox":true,"showFlares":true,"showImageEffects":true,"showParticleSystems":true},"in2DMode":false,"pivot":{"x":8.966500282287598,"y":69.892333984375,"z":91.5676498413086},"rotation":{"x":0.036166440695524219,"y":0.11630945652723313,"z":-0.004243805073201656,"w":0.9925453066825867},"size":22.0,"orthographic":false}