{"cameraMode":{"drawMode":0,"name":"Shaded","section":"Shading Mode"},"sceneLighting":true,"audioPlay":false,"sceneViewState":{"showFog":true,"showMaterialUpdate":false,"showSkybox":true,"showFlares":true,"showImageEffects":true,"showParticleSystems":true},"in2DMode":false,"pivot":{"x":-19.57299041748047,"y":-5.065127849578857,"z":22.977338790893556},"rotation":{"x":-0.1823802888393402,"y":-0.015293425880372525,"z":0.0028430987149477007,"w":-0.9831050038337708},"size":28.533809661865236,"orthographic":false}