{"cameraMode":{"drawMode":0,"name":"Shaded","section":"Shading Mode"},"sceneLighting":true,"audioPlay":false,"sceneViewState":{"showFog":true,"showMaterialUpdate":false,"showSkybox":true,"showFlares":true,"showImageEffects":true,"showParticleSystems":true},"in2DMode":false,"pivot":{"x":-5.321446895599365,"y":-101.48078918457031,"z":147.8767547607422},"rotation":{"x":-0.2943459153175354,"y":-0.015197370201349259,"z":0.004681210033595562,"w":-0.9555667042732239},"size":249.46119689941407,"orthographic":false}