{"cameraMode":{"drawMode":0,"name":"Shaded","section":"Shading Mode"},"sceneLighting":true,"audioPlay":false,"sceneViewState":{"showFog":true,"showMaterialUpdate":false,"showSkybox":true,"showFlares":true,"showImageEffects":true,"showParticleSystems":true},"in2DMode":false,"pivot":{"x":-3.8858344554901125,"y":21.006378173828126,"z":-10.976005554199219},"rotation":{"x":-0.1778409630060196,"y":-0.013865101151168347,"z":0.0025057941675186159,"w":-0.98395836353302},"size":31.175832748413087,"orthographic":false}