{"cameraMode":{"drawMode":0,"name":"Shaded","section":"Shading Mode"},"sceneLighting":false,"audioPlay":false,"sceneViewState":{"showFog":true,"showMaterialUpdate":false,"showSkybox":true,"showFlares":true,"showImageEffects":true,"showParticleSystems":true},"in2DMode":false,"pivot":{"x":-20.458999633789064,"y":2.1007676124572756,"z":2.2159996032714845},"rotation":{"x":0.13043178617954255,"y":-0.6496401429176331,"z":0.11447110027074814,"w":0.7401699423789978},"size":0.39568862318992617,"orthographic":false}