{"cameraMode":{"drawMode":0,"name":"Shaded","section":"Shading Mode"},"sceneLighting":false,"audioPlay":false,"sceneViewState":{"showFog":true,"showMaterialUpdate":false,"showSkybox":true,"showFlares":true,"showImageEffects":true,"showParticleSystems":true},"in2DMode":false,"pivot":{"x":-20.4591064453125,"y":2.0508694648742677,"z":2.4633986949920656},"rotation":{"x":0.0004616420774254948,"y":-0.9994938969612122,"z":0.016915980726480485,"w":0.02693817764520645},"size":0.09568861126899719,"orthographic":false}