{"cameraMode":{"drawMode":0,"name":"Shaded","section":"Shading Mode"},"sceneLighting":false,"audioPlay":false,"sceneViewState":{"showFog":true,"showMaterialUpdate":false,"showSkybox":true,"showFlares":true,"showImageEffects":true,"showParticleSystems":true},"in2DMode":false,"pivot":{"x":-20.411418914794923,"y":2.2113757133483888,"z":2.5204787254333498},"rotation":{"x":0.014069887809455395,"y":0.9807048439979553,"z":-0.07706481963396073,"w":0.17911213636398316},"size":0.6262569427490234,"orthographic":false}