{"cameraMode":{"drawMode":0,"name":"Shaded","section":"Shading Mode"},"sceneLighting":false,"audioPlay":false,"sceneViewState":{"showFog":true,"showMaterialUpdate":false,"showSkybox":true,"showFlares":true,"showImageEffects":true,"showParticleSystems":true},"in2DMode":false,"pivot":{"x":-20.458999633789064,"y":2.1007676124572756,"z":2.2159996032714845},"rotation":{"x":0.00939340889453888,"y":-0.07377740740776062,"z":0.0006900881417095661,"w":0.9972302913665772},"size":0.39568862318992617,"orthographic":false}