{"cameraMode":{"drawMode":0,"name":"Shaded","section":"Shading Mode"},"sceneLighting":true,"audioPlay":false,"sceneViewState":{"showFog":true,"showMaterialUpdate":false,"showSkybox":true,"showFlares":true,"showImageEffects":true,"showParticleSystems":true},"in2DMode":false,"pivot":{"x":-8.498847961425782,"y":4.067760467529297,"z":-0.014504432678222657},"rotation":{"x":0.11561859399080277,"y":0.02944434992969036,"z":-0.003434995887801051,"w":0.9928512573242188},"size":14.46908950805664,"orthographic":false}