{"cameraMode":{"drawMode":0,"name":"Shaded","section":"Shading Mode"},"sceneLighting":true,"audioPlay":false,"sceneViewState":{"showFog":true,"showMaterialUpdate":false,"showSkybox":true,"showFlares":true,"showImageEffects":true,"showParticleSystems":true},"in2DMode":false,"pivot":{"x":-0.12523938715457917,"y":-11.543136596679688,"z":54.33852767944336},"rotation":{"x":-0.25840505957603457,"y":-0.0049048797227442268,"z":0.0013132576132193208,"w":-0.9660233855247498},"size":121.9102554321289,"orthographic":false}