{"cameraMode":{"drawMode":0,"name":"Shaded","section":"Shading Mode"},"sceneLighting":true,"audioPlay":false,"sceneViewState":{"showFog":true,"showMaterialUpdate":false,"showSkybox":true,"showFlares":true,"showImageEffects":true,"showParticleSystems":true},"in2DMode":false,"pivot":{"x":-13.080387115478516,"y":-34.94770431518555,"z":37.91645431518555},"rotation":{"x":0.3777301013469696,"y":0.08145785331726074,"z":-0.033389974385499957,"w":0.9217211008071899},"size":60.874717712402347,"orthographic":false}